City_ID,City,Country,Lat,Lng,Max Temp,Humidity,Cloudiness,Wind Speed,Current Description,Date
0,rikitea,PF,-23.1203,-134.9692,77.79,73,78,13.11,light rain,2022-01-06 23:43:01
1,khatanga,RU,71.9667,102.5,-23.73,100,100,5.57,overcast clouds,2022-01-06 23:43:01
2,new norfolk,AU,-42.7826,147.0587,72.66,89,100,2.35,overcast clouds,2022-01-06 23:43:02
3,busselton,AU,-33.65,115.3333,70.05,57,0,16.11,clear sky,2022-01-06 23:43:02
4,avarua,CK,-21.2078,-159.775,82.45,78,100,6.91,overcast clouds,2022-01-06 23:43:03
5,hithadhoo,MV,-0.6,73.0833,80.62,78,100,6.42,overcast clouds,2022-01-06 23:43:03
6,sumter,US,28.7086,-82.0831,68.99,70,15,5.61,few clouds,2022-01-06 23:43:04
7,barrow,US,71.2906,-156.7887,-7.58,84,0,10.36,clear sky,2022-01-06 23:41:26
8,arlit,NE,18.7369,7.3853,62.15,17,18,9.64,few clouds,2022-01-06 23:43:04
9,ajaccio,FR,42.0,8.9167,43.29,93,0,6.91,clear sky,2022-01-06 23:43:04
10,pevek,RU,69.7008,170.3133,-10.52,100,90,1.03,overcast clouds,2022-01-06 23:43:05
11,cockburn town,TC,21.4612,-71.1419,78.98,74,2,17.94,clear sky,2022-01-06 23:38:24
12,zwedru,LR,6.0667,-8.1281,73.54,90,8,1.77,clear sky,2022-01-06 23:43:05
13,yulara,AU,-25.2406,130.9889,78.64,21,0,18.41,clear sky,2022-01-06 23:43:05
14,pauini,BR,-7.7136,-66.9764,72.46,99,99,1.81,overcast clouds,2022-01-06 23:43:06
15,thompson,CA,55.7435,-97.8558,-18.18,93,51,7.23,broken clouds,2022-01-06 23:43:06
16,jamestown,US,42.097,-79.2353,24.39,72,100,4.0,overcast clouds,2022-01-06 23:43:06
17,kjopsvik,NO,68.097,16.3742,24.67,93,84,6.71,broken clouds,2022-01-06 23:43:07
18,baiyin,CN,36.5583,104.2081,11.28,81,34,2.59,scattered clouds,2022-01-06 23:43:07
19,enugu,NG,6.4402,7.4943,75.06,59,6,5.35,clear sky,2022-01-06 23:43:07
20,iracoubo,GF,5.4802,-53.2011,76.44,89,93,13.0,overcast clouds,2022-01-06 23:43:08
21,egvekinot,RU,66.3167,-179.1667,6.66,85,26,11.43,scattered clouds,2022-01-06 23:43:08
22,ahipara,NZ,-35.1667,173.1667,74.84,62,26,6.53,scattered clouds,2022-01-06 23:43:08
23,carnarvon,AU,-24.8667,113.6333,78.87,73,100,17.27,overcast clouds,2022-01-06 23:43:09
24,tiksi,RU,71.6872,128.8694,-8.91,83,100,8.14,overcast clouds,2022-01-06 23:43:09
25,ushuaia,AR,-54.8,-68.3,53.26,50,0,25.32,clear sky,2022-01-06 23:43:09
26,mataura,NZ,-46.1927,168.8643,56.48,48,64,6.2,broken clouds,2022-01-06 23:43:10
27,touros,BR,-5.1989,-35.4608,81.5,76,63,10.51,broken clouds,2022-01-06 23:43:10
28,batemans bay,AU,-35.7167,150.1833,81.19,84,100,9.71,light rain,2022-01-06 23:43:10
29,consett,GB,54.854,-1.8316,36.41,87,54,18.92,broken clouds,2022-01-06 23:43:10
30,puerto ayora,EC,-0.7393,-90.3518,78.76,80,86,8.79,overcast clouds,2022-01-06 23:43:11
31,cidreira,BR,-30.1811,-50.2056,69.87,68,57,13.38,broken clouds,2022-01-06 23:43:11
32,los negros,BO,-17.7333,-63.4333,89.73,71,65,3.89,broken clouds,2022-01-06 23:43:11
33,xichang,CN,27.8964,102.2634,39.02,83,40,1.9,scattered clouds,2022-01-06 23:43:12
34,arraial do cabo,BR,-22.9661,-42.0278,76.46,87,100,11.95,light rain,2022-01-06 23:43:12
35,salalah,OM,17.0151,54.0924,69.89,23,0,13.8,clear sky,2022-01-06 23:43:12
36,tasiilaq,GL,65.6145,-37.6368,41.16,60,100,34.47,overcast clouds,2022-01-06 23:43:12
37,youghal,IE,51.95,-7.8506,37.42,100,62,22.08,moderate rain,2022-01-06 23:43:13
38,atuona,PF,-9.8,-139.0333,78.08,74,15,14.27,few clouds,2022-01-06 23:43:13
39,kapaa,US,22.0752,-159.319,80.11,70,1,1.01,clear sky,2022-01-06 23:41:22
40,vaini,TO,-21.2,-175.2,86.16,89,75,11.5,broken clouds,2022-01-06 23:43:13
41,kiunga,PG,-6.1219,141.2906,80.13,76,100,4.5,overcast clouds,2022-01-06 23:43:14
42,punta arenas,CL,-53.15,-70.9167,59.11,41,40,24.16,scattered clouds,2022-01-06 23:42:20
43,cedar city,US,37.6775,-113.0619,45.57,66,0,8.05,clear sky,2022-01-06 23:42:06
44,bluff,NZ,-46.6,168.3333,56.8,74,71,12.5,broken clouds,2022-01-06 23:44:14
45,hoyerswerda,DE,51.4333,14.25,31.14,85,16,6.29,few clouds,2022-01-06 23:44:14
46,bukachacha,RU,52.9833,116.9167,-3.93,98,100,2.06,overcast clouds,2022-01-06 23:44:15
47,hobart,AU,-42.8794,147.3294,73.02,94,75,8.05,moderate rain,2022-01-06 23:43:07
48,ribeira grande,PT,38.5167,-28.7,57.76,62,90,12.55,overcast clouds,2022-01-06 23:44:15
49,vostok,RU,46.4856,135.8833,-9.49,98,100,3.15,overcast clouds,2022-01-06 23:44:15
50,hilo,US,19.7297,-155.09,81.1,70,20,9.22,few clouds,2022-01-06 23:44:16
51,caravelas,BR,-17.7125,-39.2481,77.88,80,97,11.1,overcast clouds,2022-01-06 23:44:16
52,saint-philippe,RE,-21.3585,55.7679,73.22,74,100,3.49,overcast clouds,2022-01-06 23:44:17
53,mantua,IT,45.1667,10.7833,38.91,93,0,1.99,clear sky,2022-01-06 23:44:17
54,bredasdorp,ZA,-34.5322,20.0403,65.52,88,100,12.66,light rain,2022-01-06 23:44:17
55,souillac,MU,-20.5167,57.5167,75.58,100,75,2.3,broken clouds,2022-01-06 23:44:18
56,port alfred,ZA,-33.5906,26.891,69.93,90,99,17.87,light rain,2022-01-06 23:44:18
57,okhotsk,RU,59.3833,143.3,1.17,85,65,6.82,broken clouds,2022-01-06 23:44:18
58,norman wells,CA,65.282,-126.8329,-0.33,90,100,17.25,overcast clouds,2022-01-06 23:44:19
59,albany,US,42.6001,-73.9662,28.8,73,100,3.78,overcast clouds,2022-01-06 23:40:25
60,garden city,US,42.3256,-83.331,22.95,75,100,12.66,overcast clouds,2022-01-06 23:44:19
61,butaritari,KI,3.0707,172.7902,82.38,77,45,17.74,scattered clouds,2022-01-06 23:44:20
62,dunedin,NZ,-45.8742,170.5036,60.78,63,47,12.37,scattered clouds,2022-01-06 23:44:20
63,geraldton,AU,-28.7667,114.6,77.41,78,100,11.5,overcast clouds,2022-01-06 23:44:20
64,baghmara,IN,23.795,86.2085,60.21,54,0,3.31,clear sky,2022-01-06 23:44:21
65,cherskiy,RU,68.75,161.3,-9.83,99,100,5.06,overcast clouds,2022-01-06 23:44:21
66,saskylakh,RU,71.9167,114.0833,-24.63,95,13,6.13,few clouds,2022-01-06 23:40:38
67,huacho,PE,-11.1067,-77.605,70.75,85,69,9.78,broken clouds,2022-01-06 23:44:22
68,cape town,ZA,-33.9258,18.4232,70.12,63,0,3.0,clear sky,2022-01-06 23:42:23
69,castro,BR,-24.7911,-50.0119,61.77,96,68,8.99,broken clouds,2022-01-06 23:44:22
70,shangqiu,CN,34.45,115.65,39.6,71,100,2.64,overcast clouds,2022-01-06 23:44:01
71,kribi,CM,2.95,9.9167,79.99,86,66,6.51,broken clouds,2022-01-06 23:44:22
72,marrakesh,MA,31.6315,-8.0083,51.87,76,20,4.61,few clouds,2022-01-06 23:40:16
73,east london,ZA,-33.0153,27.9116,70.02,92,91,10.47,light rain,2022-01-06 23:44:23
74,bukama,CD,-9.2,25.85,67.95,95,98,2.53,overcast clouds,2022-01-06 23:44:23
75,constitucion,CL,-35.3333,-72.4167,59.56,85,20,10.69,few clouds,2022-01-06 23:44:23
76,riyadh,SA,24.6877,46.7219,46.54,53,42,4.99,scattered clouds,2022-01-06 23:42:22
77,buraydah,SA,26.326,43.975,46.85,58,0,3.36,clear sky,2022-01-06 23:44:24
78,tigil,RU,57.8,158.6667,0.64,97,40,1.48,scattered clouds,2022-01-06 23:44:24
79,tura,IN,25.5198,90.2201,56.41,66,5,3.89,clear sky,2022-01-06 23:44:25
80,qaanaaq,GL,77.484,-69.3632,4.66,63,67,6.98,broken clouds,2022-01-06 23:44:25
81,narsaq,GL,60.9167,-46.05,16.02,86,33,5.5,scattered clouds,2022-01-06 23:44:25
82,abu dhabi,AE,24.4667,54.3667,63.97,60,0,1.01,clear sky,2022-01-06 23:44:26
83,prince rupert,CA,54.3161,-130.3201,18.01,84,99,5.7,overcast clouds,2022-01-06 23:44:26
84,upernavik,GL,72.7868,-56.1549,1.18,99,100,6.91,overcast clouds,2022-01-06 23:44:26
85,kruisfontein,ZA,-34.0033,24.7314,64.89,94,100,11.45,light rain,2022-01-06 23:44:26
86,hermanus,ZA,-34.4187,19.2345,69.91,84,92,14.61,overcast clouds,2022-01-06 23:44:27
87,aykhal,RU,66.0,111.5,-5.93,99,100,4.14,overcast clouds,2022-01-06 23:44:27
88,barbastro,ES,42.0356,0.1269,33.98,40,71,1.41,broken clouds,2022-01-06 23:44:28
89,airai,TL,-8.9266,125.4092,66.49,85,94,0.76,overcast clouds,2022-01-06 23:44:28
90,nemuro,JP,43.3236,145.575,9.03,64,39,9.15,scattered clouds,2022-01-06 23:44:18
91,hofn,IS,64.2539,-15.2082,39.27,75,99,7.31,overcast clouds,2022-01-06 23:45:29
92,boa vista,BR,2.8197,-60.6733,85.98,51,20,3.44,light rain,2022-01-06 23:45:29
93,sao sebastiao,BR,-23.76,-45.4097,74.16,94,100,4.74,overcast clouds,2022-01-06 23:45:29
94,coihaique,CL,-45.5752,-72.0662,72.21,46,40,9.22,scattered clouds,2022-01-06 23:44:47
95,yellowknife,CA,62.456,-114.3525,0.91,95,100,11.45,overcast clouds,2022-01-06 23:45:30
96,iqaluit,CA,63.7506,-68.5145,-23.89,89,76,10.85,broken clouds,2022-01-06 23:45:30
97,ponta do sol,PT,32.6667,-17.1,64.0,73,53,6.04,broken clouds,2022-01-06 23:45:30
98,gioia tauro,IT,38.424,15.899,56.32,84,89,3.8,overcast clouds,2022-01-06 23:45:31
99,mandalgovi,MN,45.7625,106.2708,15.93,33,52,10.31,broken clouds,2022-01-06 23:45:31
100,leshukonskoye,RU,64.8989,45.7622,2.5,97,99,4.81,overcast clouds,2022-01-06 23:45:31
101,mogadishu,SO,2.0371,45.3438,77.83,86,83,16.98,broken clouds,2022-01-06 23:45:32
102,samarai,PG,-10.6167,150.6667,81.93,75,90,2.73,overcast clouds,2022-01-06 23:45:32
103,springbok,ZA,-29.6643,17.8865,57.54,55,0,2.57,clear sky,2022-01-06 23:45:32
104,kavaratti,IN,10.5669,72.642,79.48,68,33,4.97,scattered clouds,2022-01-06 23:45:33
105,barcelos,PT,41.5388,-8.6151,49.84,92,77,4.03,broken clouds,2022-01-06 23:45:33
106,preobrazheniye,RU,42.9019,133.9064,12.7,59,30,8.61,scattered clouds,2022-01-06 23:45:33
107,passau,DE,48.5712,13.449,30.38,94,11,1.97,few clouds,2022-01-06 23:45:34
108,altay,CN,47.8667,88.1167,21.4,66,75,5.7,broken clouds,2022-01-06 23:45:34
109,vardo,NO,70.3705,31.1107,21.4,50,100,22.91,light snow,2022-01-06 23:45:35
110,port augusta,AU,-32.5,137.7667,69.71,59,50,18.32,scattered clouds,2022-01-06 23:45:35
111,shimoda,JP,34.6667,138.95,43.16,71,5,6.53,clear sky,2022-01-06 23:45:35
112,klaksvik,FO,62.2266,-6.589,41.92,70,92,17.38,overcast clouds,2022-01-06 23:45:36
113,alugan,PH,12.2188,125.4808,78.98,84,78,11.59,broken clouds,2022-01-06 23:45:36
114,esperance,AU,-33.8667,121.9,66.04,61,19,11.79,few clouds,2022-01-06 23:45:36
115,san francisco menendez,SV,13.8431,-90.0158,76.39,69,22,3.47,few clouds,2022-01-06 23:45:37
116,severo-kurilsk,RU,50.6789,156.125,31.1,81,91,7.43,overcast clouds,2022-01-06 23:45:37
117,fortuna,US,40.5982,-124.1573,60.19,92,90,6.91,overcast clouds,2022-01-06 23:45:37
118,kuznechnoye,RU,61.12,29.8686,16.0,91,86,5.08,light snow,2022-01-06 23:45:38
119,pisco,PE,-13.7,-76.2167,71.65,83,0,19.57,clear sky,2022-01-06 23:45:38
120,skala,PL,50.2305,19.8536,27.05,82,0,8.05,clear sky,2022-01-06 23:45:38
121,aklavik,CA,68.2191,-135.0107,-4.07,80,70,27.74,broken clouds,2022-01-06 23:45:39
122,marovoay,MG,-16.1,46.6333,77.14,92,100,2.28,overcast clouds,2022-01-06 23:45:39
123,miraflores,MX,19.2167,-98.8083,71.87,50,41,5.17,scattered clouds,2022-01-06 23:45:39
124,vestmannaeyjar,IS,63.4427,-20.2734,40.41,60,100,23.87,overcast clouds,2022-01-06 23:45:40
125,mitchell,US,43.7094,-98.0298,-2.22,68,0,4.0,clear sky,2022-01-06 23:45:40
126,chuy,UY,-33.6971,-53.4616,65.14,71,2,7.92,clear sky,2022-01-06 23:45:41
127,byron bay,AU,-28.65,153.6167,80.71,91,98,14.76,overcast clouds,2022-01-06 23:43:38
128,oum hadjer,TD,13.2954,19.6966,76.24,23,41,6.64,scattered clouds,2022-01-06 23:45:41
129,badin,PK,24.656,68.8384,61.3,79,5,9.82,clear sky,2022-01-06 23:45:41
130,strathpeffer,GB,57.588,-4.5382,38.43,94,100,5.14,light rain,2022-01-06 23:45:42
131,chokurdakh,RU,70.6333,147.9167,-24.02,93,99,3.53,overcast clouds,2022-01-06 23:45:42
132,kargasok,RU,59.0556,80.8572,-15.77,99,40,7.29,scattered clouds,2022-01-06 23:45:42
133,tuy hoa,VN,13.0833,109.3,71.2,91,95,5.97,overcast clouds,2022-01-06 23:46:43
134,manokwari,ID,-0.8667,134.0833,81.95,71,77,0.65,broken clouds,2022-01-06 23:46:43
135,bilibino,RU,68.0546,166.4372,6.01,75,99,5.19,overcast clouds,2022-01-06 23:46:43
136,pestovo,RU,58.5938,35.8024,18.41,92,100,8.66,overcast clouds,2022-01-06 23:46:44
137,marquette,US,46.5333,-87.6335,15.33,79,100,8.32,overcast clouds,2022-01-06 23:46:44
138,inirida,CO,3.8653,-67.9239,79.81,60,91,2.35,overcast clouds,2022-01-06 23:46:44
139,clyde river,CA,70.4692,-68.5914,-22.27,85,70,4.38,broken clouds,2022-01-06 23:46:45
140,lebu,CL,-37.6167,-73.65,58.06,90,21,19.33,few clouds,2022-01-06 23:46:45
141,faanui,PF,-16.4833,-151.75,82.06,70,15,10.89,few clouds,2022-01-06 23:46:45
142,forestville,US,38.8451,-76.875,39.06,58,20,3.44,few clouds,2022-01-06 23:46:46
143,te anau,NZ,-45.4167,167.7167,61.09,53,13,3.13,few clouds,2022-01-06 23:46:46
144,hasaki,JP,35.7333,140.8333,30.6,56,8,21.14,clear sky,2022-01-06 23:46:46
145,victoria,HK,22.2855,114.1577,66.18,87,84,3.0,broken clouds,2022-01-06 23:43:45
146,berbera,SO,10.4396,45.0143,77.59,77,32,7.47,scattered clouds,2022-01-06 23:46:47
147,port elizabeth,ZA,-33.918,25.5701,67.1,100,100,10.36,light intensity drizzle,2022-01-06 23:46:47
148,tuktoyaktuk,CA,69.4541,-133.0374,-13.65,95,100,23.24,overcast clouds,2022-01-06 23:46:48
149,batie,BF,9.8833,-2.9167,76.1,20,81,5.32,broken clouds,2022-01-06 23:46:48
150,aquiraz,BR,-3.9014,-38.3911,82.18,78,12,7.49,few clouds,2022-01-06 23:41:53
151,ust-tsilma,RU,65.441,52.1498,6.66,94,100,6.89,light snow,2022-01-06 23:46:48
152,caribou,US,46.8606,-68.012,28.18,85,90,0.0,overcast clouds,2022-01-06 23:46:49
153,leningradskiy,RU,69.3833,178.4167,-8.16,93,64,3.13,broken clouds,2022-01-06 23:46:49
154,ketchikan,US,55.3422,-131.6461,21.67,58,1,11.5,clear sky,2022-01-06 23:46:50
155,breyten,ZA,-26.3018,29.987,58.84,96,100,0.45,light rain,2022-01-06 23:46:50
156,parola,IN,20.8833,75.1167,67.05,74,7,3.44,clear sky,2022-01-06 23:46:50
157,halifax,CA,44.6453,-63.5724,36.41,90,11,1.99,few clouds,2022-01-06 23:45:02
158,bria,CF,6.5423,21.9863,71.82,30,49,4.38,scattered clouds,2022-01-06 23:46:51
159,road town,VG,18.4167,-64.6167,77.09,94,75,9.22,broken clouds,2022-01-06 23:43:25
160,mehamn,NO,71.0357,27.8492,20.46,58,94,4.09,overcast clouds,2022-01-06 23:46:51
161,lujan,AR,-34.5703,-59.105,77.68,54,0,9.26,clear sky,2022-01-06 23:46:51
162,kundiawa,PG,-6.0167,144.9667,67.37,91,100,0.92,overcast clouds,2022-01-06 23:46:52
163,ayan,RU,56.45,138.1667,-4.27,75,88,7.96,overcast clouds,2022-01-06 23:46:52
164,kaeo,NZ,-35.1,173.7833,76.32,74,4,10.2,clear sky,2022-01-06 23:46:53
165,saint george,US,37.1041,-113.5841,63.07,44,0,1.99,clear sky,2022-01-06 23:46:53
166,kavieng,PG,-2.5744,150.7967,83.26,73,100,12.84,overcast clouds,2022-01-06 23:46:53
167,kushiro,JP,42.975,144.3747,13.15,79,75,8.05,broken clouds,2022-01-06 23:43:53
168,puerto narino,CO,-3.7703,-70.3831,78.75,90,98,1.83,overcast clouds,2022-01-06 23:46:54
169,port hardy,CA,50.6996,-127.4199,44.76,94,100,20.51,light rain,2022-01-06 23:45:12
170,ilhabela,BR,-23.7781,-45.3581,74.48,92,100,5.12,overcast clouds,2022-01-06 23:46:54
171,shache,CN,38.4167,77.2406,23.49,43,69,1.32,broken clouds,2022-01-06 23:46:55
172,unity,CA,52.4501,-109.1682,-23.85,98,92,6.91,overcast clouds,2022-01-06 23:46:55
173,pandan,PH,14.0453,124.1694,78.33,82,87,10.71,overcast clouds,2022-01-06 23:46:55
174,praia da vitoria,PT,38.7333,-27.0667,56.75,88,75,13.42,broken clouds,2022-01-06 23:46:56
175,matata,NZ,-37.8833,176.75,75.52,45,46,6.15,scattered clouds,2022-01-06 23:46:56
176,tsabong,BW,-26.0217,22.401,79.54,41,68,6.96,broken clouds,2022-01-06 23:46:56
177,paamiut,GL,61.994,-49.6678,8.44,86,91,10.36,overcast clouds,2022-01-06 23:46:57
178,mae hong son,TH,19.3003,97.9685,58.08,72,90,2.01,overcast clouds,2022-01-06 23:47:57
179,zhangye,CN,38.9342,100.4517,17.1,68,52,2.1,broken clouds,2022-01-06 23:47:57
180,ilam,NP,26.9167,87.9167,50.41,77,8,5.08,clear sky,2022-01-06 23:47:58
181,wamba,NG,8.9333,8.6,75.74,29,53,4.16,broken clouds,2022-01-06 23:47:58
182,san cristobal,VE,7.7669,-72.225,73.58,55,66,1.41,broken clouds,2022-01-06 23:47:58
183,katsuura,JP,35.1333,140.3,43.11,60,9,18.95,clear sky,2022-01-06 23:47:59
184,dikson,RU,73.5069,80.5464,-9.58,95,100,12.88,overcast clouds,2022-01-06 23:47:44
185,sola,VU,-13.8833,167.55,82.04,74,100,15.3,heavy intensity rain,2022-01-06 23:47:59
186,fort nelson,CA,58.8053,-122.7002,-30.26,99,34,0.65,scattered clouds,2022-01-06 23:48:00
187,jinchang,CN,38.4953,102.1739,19.33,74,24,0.22,few clouds,2022-01-06 23:48:00
188,maniitsoq,GL,65.4167,-52.9,18.46,82,100,6.24,overcast clouds,2022-01-06 23:48:00
189,haines junction,CA,60.7522,-137.5108,-13.56,93,100,0.49,overcast clouds,2022-01-06 23:48:01
190,lompoc,US,34.6391,-120.4579,70.79,77,1,8.05,clear sky,2022-01-06 23:48:01
191,ancud,CL,-41.8697,-73.8203,74.73,85,24,2.59,few clouds,2022-01-06 23:47:45
192,semey,KZ,50.4111,80.2275,17.82,93,100,2.24,mist,2022-01-06 23:48:01
193,benjamin aceval,PY,-24.9667,-57.5667,86.59,34,30,5.79,scattered clouds,2022-01-06 23:48:02
194,ostrovnoy,RU,68.0531,39.5131,20.64,93,100,12.84,light snow,2022-01-06 23:48:02
195,chhindwara,IN,22.0667,78.9333,58.96,69,4,4.05,clear sky,2022-01-06 23:48:03
196,lagoa,PT,39.05,-27.9833,56.14,65,100,14.52,overcast clouds,2022-01-06 23:48:03
197,goundam,ML,16.4145,-3.6708,66.29,20,89,7.96,overcast clouds,2022-01-06 23:48:03
198,saldanha,ZA,-33.0117,17.9442,66.25,85,45,10.8,scattered clouds,2022-01-06 23:48:04
199,rorvik,NO,64.8621,11.2373,29.12,81,64,10.45,broken clouds,2022-01-06 23:48:04
200,torbay,CA,47.6666,-52.7314,45.75,92,100,11.99,light rain,2022-01-06 23:48:04
201,taltal,CL,-25.4,-70.4833,67.68,78,22,4.47,few clouds,2022-01-06 23:48:05
202,jimma,ET,7.6667,36.8333,59.52,86,70,1.5,broken clouds,2022-01-06 23:48:05
203,kifri,IQ,34.6959,44.9661,48.87,51,2,6.69,clear sky,2022-01-06 23:48:05
204,carbondale,US,37.7273,-89.2168,19.99,70,0,11.5,clear sky,2022-01-06 23:44:36
205,alofi,NU,-19.0595,-169.9187,80.49,89,75,3.44,heavy intensity drizzle,2022-01-06 23:48:06
206,riberalta,BO,-10.9833,-66.1,77.2,83,75,0.0,broken clouds,2022-01-06 23:48:06
207,novosheshminsk,RU,55.0651,51.2338,33.91,98,100,11.83,overcast clouds,2022-01-06 23:48:06
208,sitka,US,57.0531,-135.33,26.49,46,0,3.44,clear sky,2022-01-06 23:43:13
209,deputatskiy,RU,69.3,139.9,-19.1,90,89,1.57,overcast clouds,2022-01-06 23:43:46
210,hailar,CN,49.2,119.7,-14.24,100,52,3.18,broken clouds,2022-01-06 23:48:07
211,nikolskoye,RU,59.7035,30.7861,21.09,92,46,10.11,light snow,2022-01-06 23:48:07
212,ilulissat,GL,69.2167,-51.1,23.02,86,75,16.11,light snow,2022-01-06 23:48:08
213,morristown,US,36.214,-83.2949,34.56,78,100,6.91,mist,2022-01-06 23:48:08
214,mayor pablo lagerenza,PY,-19.9309,-60.7718,80.64,41,25,4.76,scattered clouds,2022-01-06 23:48:08
215,tenenkou,ML,14.4572,-4.9169,68.7,18,28,8.7,scattered clouds,2022-01-06 23:48:09
216,san borja,BO,-14.8167,-66.85,74.34,91,87,1.83,overcast clouds,2022-01-06 23:48:09
217,praya,CV,14.9215,-23.5087,73.94,68,75,18.41,broken clouds,2022-01-06 23:48:10
218,waingapu,ID,-9.6567,120.2641,78.66,80,100,5.55,overcast clouds,2022-01-06 23:48:10
219,provideniya,RU,64.3833,-173.3,13.59,81,6,10.16,clear sky,2022-01-06 23:48:10
220,tuatapere,NZ,-46.1333,167.6833,56.82,59,20,7.58,few clouds,2022-01-06 23:48:10
221,den helder,NL,52.9599,4.7593,40.98,90,100,25.99,drizzle,2022-01-06 23:48:11
222,keti bandar,PK,24.1447,67.4497,67.87,72,4,10.09,clear sky,2022-01-06 23:48:11
223,kemijarvi,FI,66.7131,27.4306,14.95,91,100,12.17,overcast clouds,2022-01-06 23:48:11
224,whitley bay,GB,55.0397,-1.4471,38.8,90,100,14.97,moderate rain,2022-01-06 23:48:12
225,vuktyl,RU,63.8567,57.3094,5.38,80,100,8.34,overcast clouds,2022-01-06 23:49:12
226,chardara,KZ,41.2547,67.9692,39.36,84,99,9.22,light rain,2022-01-06 23:49:12
227,zhigansk,RU,66.7697,123.3711,-31.77,95,99,9.78,overcast clouds,2022-01-06 23:49:13
228,sambava,MG,-14.2667,50.1667,74.57,91,100,2.91,overcast clouds,2022-01-06 23:49:13
229,nuuk,GL,64.1835,-51.7216,21.81,53,20,6.91,few clouds,2022-01-06 23:49:13
230,gorontalo,ID,0.5412,123.0595,79.57,83,93,3.11,overcast clouds,2022-01-06 23:49:13
231,marawi,PH,7.9986,124.2928,68.65,86,88,2.42,overcast clouds,2022-01-06 23:49:14
232,kangasala,FI,61.4638,24.076,18.14,83,96,11.14,light snow,2022-01-06 23:49:14
233,grindavik,IS,63.8424,-22.4338,35.55,93,75,11.5,broken clouds,2022-01-06 23:49:14
234,bom jesus,BR,-9.0744,-44.3586,73.29,94,100,0.18,overcast clouds,2022-01-06 23:47:54
235,ayr,GB,55.4627,-4.6339,41.09,75,75,24.16,broken clouds,2022-01-06 23:49:15
236,sibolga,ID,1.7427,98.7792,76.19,86,92,3.29,overcast clouds,2022-01-06 23:49:15
237,sao jose da coroa grande,BR,-8.8978,-35.1478,79.39,80,11,10.04,few clouds,2022-01-06 23:49:15
238,gat,IL,31.61,34.7642,57.4,51,83,2.77,broken clouds,2022-01-06 23:49:15
239,tazovskiy,RU,67.4667,78.7,-15.25,85,66,11.74,broken clouds,2022-01-06 23:49:16
240,tagusao,PH,9.1924,117.8141,78.33,80,39,3.94,scattered clouds,2022-01-06 23:49:16
241,el alto,PE,-4.2714,-81.2147,67.93,80,18,10.36,few clouds,2022-01-06 23:49:16
242,sochi,RU,43.6,39.7303,48.29,66,44,6.51,scattered clouds,2022-01-06 23:49:17
243,meulaboh,ID,4.1363,96.1285,75.72,89,100,4.41,overcast clouds,2022-01-06 23:49:17
244,lavrentiya,RU,65.5833,-171.0,7.47,93,25,7.34,scattered clouds,2022-01-06 23:48:54
245,northam,GB,51.0333,-4.2167,45.61,74,99,26.35,overcast clouds,2022-01-06 23:49:17
246,fukuma,JP,33.7667,130.4667,48.29,65,88,7.92,overcast clouds,2022-01-06 23:49:18
247,campina verde,BR,-19.5356,-49.4864,72.41,88,83,1.5,broken clouds,2022-01-06 23:49:18
248,olafsvik,IS,64.8945,-23.7142,40.5,64,100,27.85,overcast clouds,2022-01-06 23:49:18
249,muros,ES,42.7762,-9.0603,52.23,92,100,11.83,overcast clouds,2022-01-06 23:49:18
250,meiganga,CM,6.5167,14.3,68.23,38,93,4.12,overcast clouds,2022-01-06 23:49:19
251,saint-francois,FR,46.4154,3.9054,31.68,89,0,1.14,clear sky,2022-01-06 23:49:19
252,shubarkuduk,KZ,49.1447,56.4872,32.81,89,100,20.11,overcast clouds,2022-01-06 23:49:19
253,binabalian,PH,16.4202,119.9279,77.68,75,76,15.46,broken clouds,2022-01-06 23:49:19
254,olds,CA,51.7834,-114.102,-7.29,96,100,9.75,overcast clouds,2022-01-06 23:44:32
255,lambarene,GA,-0.7001,10.2406,75.33,93,84,2.04,broken clouds,2022-01-06 23:49:20
256,georgetown,MY,5.4112,100.3354,78.89,84,20,1.99,few clouds,2022-01-06 23:49:20
257,teguldet,RU,57.3064,88.1667,-13.23,100,53,0.92,broken clouds,2022-01-06 23:49:20
258,bathsheba,BB,13.2167,-59.5167,79.41,73,75,17.27,broken clouds,2022-01-06 23:48:46
259,cabo san lucas,MX,22.8909,-109.9124,77.61,68,2,4.0,clear sky,2022-01-06 23:45:16
260,mar del plata,AR,-38.0023,-57.5575,73.42,83,0,17.0,clear sky,2022-01-06 23:44:41
261,vila velha,BR,-20.3297,-40.2925,80.55,84,75,10.0,broken clouds,2022-01-06 23:47:29
262,araouane,ML,18.9048,-3.5265,64.62,21,76,6.64,broken clouds,2022-01-06 23:49:21
263,kaitangata,NZ,-46.2817,169.8464,58.93,69,71,8.95,broken clouds,2022-01-06 23:49:21
264,san antonio,US,29.4241,-98.4936,58.21,38,1,3.0,clear sky,2022-01-06 23:45:07
265,chenzhou,CN,25.8,113.0333,41.74,94,100,3.6,overcast clouds,2022-01-06 23:49:21
266,fuyang,CN,32.9,115.8167,37.17,80,99,5.61,overcast clouds,2022-01-06 23:49:21
267,sosnovka,RU,56.255,51.2842,25.56,97,100,4.63,light snow,2022-01-06 23:49:22
268,mahebourg,MU,-20.4081,57.7,75.49,100,75,2.3,broken clouds,2022-01-06 23:49:22
269,bethel,US,41.3712,-73.414,33.93,68,0,3.44,clear sky,2022-01-06 23:48:54
270,harlingen,US,26.1906,-97.6961,82.58,47,0,0.0,clear sky,2022-01-06 23:48:30
271,marsh harbour,BS,26.5412,-77.0636,74.57,77,5,8.23,clear sky,2022-01-06 23:50:22
272,fort frances,CA,48.5999,-93.4003,-9.18,76,100,3.44,overcast clouds,2022-01-06 23:46:42
273,scottsbluff,US,41.8666,-103.6672,13.78,81,100,7.0,overcast clouds,2022-01-06 23:50:23
274,la ronge,CA,55.1001,-105.2842,-23.64,99,43,4.18,scattered clouds,2022-01-06 23:50:23
275,osakarovka,KZ,50.565,72.5692,4.93,93,50,5.66,scattered clouds,2022-01-06 23:50:23
276,comodoro rivadavia,AR,-45.8667,-67.5,80.46,26,0,10.36,clear sky,2022-01-06 23:50:23
277,tazlar,HU,46.5482,19.5144,30.78,63,5,10.2,clear sky,2022-01-06 23:50:24
278,high level,CA,58.5169,-117.136,-25.51,100,77,1.48,broken clouds,2022-01-06 23:50:24
279,opuwo,NA,-18.0607,13.84,64.02,35,25,3.04,scattered clouds,2022-01-06 23:50:24
280,honningsvag,NO,70.9821,25.9704,27.88,54,86,4.23,light snow,2022-01-06 23:50:25
281,tahta,EG,26.7693,31.5021,51.91,47,20,6.04,few clouds,2022-01-06 23:50:07
282,mandla,IN,22.6,80.3833,58.1,65,3,3.47,clear sky,2022-01-06 23:50:25
283,bakel,SN,14.905,-12.4568,73.22,16,71,9.35,broken clouds,2022-01-06 23:50:25
284,codrington,AU,-38.2667,141.9667,64.9,88,77,7.83,broken clouds,2022-01-06 23:50:26
285,muscat,OM,23.6139,58.5922,68.41,46,73,17.38,broken clouds,2022-01-06 23:50:26
286,rize,TR,40.9044,40.8949,31.68,56,12,7.02,few clouds,2022-01-06 23:50:26
287,sokolka,PL,53.4072,23.5023,26.65,81,51,9.82,broken clouds,2022-01-06 23:50:26
288,savannah bight,HN,16.45,-85.85,80.65,78,1,25.5,clear sky,2022-01-06 23:50:27
289,mankono,CI,8.0586,-6.1897,74.79,22,59,3.74,broken clouds,2022-01-06 23:50:27
290,talnakh,RU,69.4865,88.3972,-16.8,98,100,9.84,overcast clouds,2022-01-06 23:50:27
291,sao miguel do araguaia,BR,-13.275,-50.1628,73.22,96,96,7.36,overcast clouds,2022-01-06 23:50:28
292,havelock,US,34.8791,-76.9013,53.92,70,100,1.01,overcast clouds,2022-01-06 23:47:55
293,baykit,RU,61.67,96.37,-12.19,99,97,3.44,overcast clouds,2022-01-06 23:50:28
294,lodja,CD,-3.4833,23.4333,70.81,86,75,1.81,broken clouds,2022-01-06 23:50:28
295,neringa,LT,55.3719,21.0647,32.07,57,71,16.98,broken clouds,2022-01-06 23:50:28
296,rio gallegos,AR,-51.6226,-69.2181,66.25,34,75,21.85,broken clouds,2022-01-06 23:48:30
297,navalcarnero,ES,40.2891,-4.012,41.38,69,62,4.7,broken clouds,2022-01-06 23:50:29
298,coquimbo,CL,-29.9533,-71.3436,64.13,72,0,12.66,clear sky,2022-01-06 23:49:58
299,nipawin,CA,53.3668,-104.0009,-31.4,100,9,5.53,clear sky,2022-01-06 23:50:29
300,nome,US,64.5011,-165.4064,-0.33,71,1,0.0,clear sky,2022-01-06 23:50:30
301,grand gaube,MU,-20.0064,57.6608,75.6,90,100,1.99,overcast clouds,2022-01-06 23:50:30
302,port blair,IN,11.6667,92.75,78.15,78,28,9.57,scattered clouds,2022-01-06 23:50:03
303,pueblo nuevo,MX,23.3833,-105.3833,56.98,46,13,3.67,few clouds,2022-01-06 23:50:30
304,santa rosa,PH,14.3122,121.1114,78.85,69,42,7.14,scattered clouds,2022-01-06 23:50:30
305,nemours,FR,48.2751,2.6908,39.04,83,97,11.83,overcast clouds,2022-01-06 23:50:30
306,tambacounda,SN,13.7539,-13.7586,75.25,20,0,4.61,clear sky,2022-01-06 23:50:31
307,beloha,MG,-25.1667,45.05,73.92,79,90,12.8,overcast clouds,2022-01-06 23:50:31
308,tarauaca,BR,-8.1614,-70.7656,78.98,67,50,3.94,scattered clouds,2022-01-06 23:50:31
309,batagay-alyta,RU,67.8006,130.4114,-33.47,77,10,3.96,clear sky,2022-01-06 23:50:32
310,port-cartier,CA,50.0334,-66.8654,1.74,92,50,7.07,scattered clouds,2022-01-06 23:50:32
311,djambala,CG,-2.5447,14.7533,70.25,72,91,2.37,overcast clouds,2022-01-06 23:50:32
312,rabo de peixe,PT,37.8,-25.5833,57.27,96,40,8.05,scattered clouds,2022-01-06 23:50:32
313,jahanabad,IN,25.2167,84.9833,55.24,74,59,6.53,broken clouds,2022-01-06 23:50:33
314,longyearbyen,SJ,78.2186,15.6401,16.21,96,100,5.64,snow,2022-01-06 23:50:33
315,plettenberg bay,ZA,-34.0527,23.3716,67.39,93,62,9.46,broken clouds,2022-01-06 23:50:33
316,matay,EG,28.419,30.7792,54.95,61,20,3.78,few clouds,2022-01-06 23:50:34
317,rabat,MA,33.9911,-6.8401,52.03,94,40,0.0,scattered clouds,2022-01-06 23:47:50
318,sicamous,CA,50.8331,-118.9856,17.29,97,100,0.4,light snow,2022-01-06 23:51:19
319,callaway,US,30.153,-85.5699,64.0,96,49,8.46,scattered clouds,2022-01-06 23:51:34
320,ngorongoro,TZ,-3.2397,35.4875,51.58,82,69,4.27,broken clouds,2022-01-06 23:51:34
321,digby,CA,44.6169,-65.7655,39.58,69,55,12.95,broken clouds,2022-01-06 23:51:19
322,aras,ES,42.5617,-2.356,39.72,75,75,16.11,broken clouds,2022-01-06 23:51:34
323,poum,NC,-20.2333,164.0167,81.99,75,100,4.27,overcast clouds,2022-01-06 23:51:35
324,flinders,AU,-34.5833,150.8552,74.21,93,100,1.99,light rain,2022-01-06 23:51:35
325,betong,TH,5.7743,101.0723,68.72,98,41,2.66,scattered clouds,2022-01-06 23:51:35
326,badnawar,IN,23.0167,75.2167,59.67,97,23,7.05,few clouds,2022-01-06 23:51:36
327,asau,RO,46.4333,26.4,36.75,79,86,4.0,overcast clouds,2022-01-06 23:51:36
328,port lincoln,AU,-34.7333,135.8667,64.18,70,100,15.75,overcast clouds,2022-01-06 23:45:42
329,akyab,MM,20.15,92.9,63.05,60,35,7.45,scattered clouds,2022-01-06 23:51:36
330,tual,ID,-5.6667,132.75,83.53,76,81,12.73,broken clouds,2022-01-06 23:51:36
331,lorengau,PG,-2.0226,147.2712,83.39,71,100,9.75,overcast clouds,2022-01-06 23:51:36
332,griffith,US,41.5284,-87.4237,14.11,77,90,1.01,light snow,2022-01-06 23:51:37
333,asyut,EG,27.181,31.1837,51.98,53,12,5.06,few clouds,2022-01-06 23:51:37
334,kysyl-syr,RU,63.8986,122.7617,-31.43,96,87,5.77,overcast clouds,2022-01-06 23:47:44
335,khash,IR,28.2211,61.2158,38.61,74,22,4.94,few clouds,2022-01-06 23:51:37
336,killarney,IE,52.05,-9.5167,37.62,84,97,23.24,overcast clouds,2022-01-06 23:47:00
337,santa isabel,BR,-23.3156,-46.2214,69.66,99,100,3.02,overcast clouds,2022-01-06 23:51:38
338,gravdal,NO,68.1214,13.5031,28.63,54,54,5.73,broken clouds,2022-01-06 23:51:38
339,krasnyy yar,RU,46.5331,48.3456,40.96,77,100,8.72,overcast clouds,2022-01-06 23:51:38
340,portland,US,45.5234,-122.6762,55.62,87,90,5.99,overcast clouds,2022-01-06 23:47:06
341,padang,ID,-0.9492,100.3543,75.25,84,97,4.25,overcast clouds,2022-01-06 23:48:53
342,broome,US,42.2506,-75.833,29.62,66,40,4.0,scattered clouds,2022-01-06 23:51:39
343,komsomolskiy,UZ,40.4272,71.7189,39.92,87,90,4.61,mist,2022-01-06 23:51:39
344,bubaque,GW,11.2833,-15.8333,79.65,66,27,9.31,scattered clouds,2022-01-06 23:51:39
345,causapscal,CA,48.3542,-67.227,7.56,99,83,1.72,broken clouds,2022-01-06 23:51:39
346,tynda,RU,55.1667,124.7167,-11.58,97,100,1.72,overcast clouds,2022-01-06 23:51:40
347,lagos,NG,6.5833,3.75,77.58,79,1,3.87,clear sky,2022-01-06 23:49:04
348,saint pete beach,US,27.7253,-82.7412,71.19,68,75,3.0,broken clouds,2022-01-06 23:50:41
349,henties bay,NA,-22.116,14.2845,61.86,90,27,7.23,scattered clouds,2022-01-06 23:51:40
350,rafsanjan,IR,30.4067,55.9939,34.57,61,0,2.8,clear sky,2022-01-06 23:51:40
351,majene,ID,-3.5403,118.9707,78.33,83,100,8.32,overcast clouds,2022-01-06 23:51:41
352,talcahuano,CL,-36.7167,-73.1167,69.48,64,0,12.66,clear sky,2022-01-06 23:51:41
353,knysna,ZA,-34.0363,23.0471,66.58,92,93,7.2,overcast clouds,2022-01-06 23:51:41
354,sobolevo,RU,54.4299,31.8996,26.13,90,100,13.49,overcast clouds,2022-01-06 23:51:42
355,toamasina,MG,-18.1667,49.3833,73.4,94,75,2.3,broken clouds,2022-01-06 23:51:42
356,nhulunbuy,AU,-12.2333,136.7667,84.81,65,0,6.91,clear sky,2022-01-06 23:51:42
357,winton,US,37.3894,-120.6133,64.35,71,40,0.0,scattered clouds,2022-01-06 23:51:42
358,mackay,AU,-21.15,149.2,90.68,70,40,4.61,scattered clouds,2022-01-06 23:51:42
359,alice springs,AU,-23.7,133.8833,80.15,19,6,14.97,clear sky,2022-01-06 23:51:43
360,banjar,ID,-8.19,114.9675,82.26,74,71,1.25,broken clouds,2022-01-06 23:51:43
361,champerico,GT,14.3,-91.9167,88.34,67,2,7.63,clear sky,2022-01-06 23:51:43
362,tilichiki,RU,60.4667,166.1,8.51,75,42,10.29,scattered clouds,2022-01-06 23:51:43
363,ovsyanka,RU,55.9575,92.5519,1.22,100,87,3.56,overcast clouds,2022-01-06 23:51:44
364,kafue,ZM,-15.7691,28.1814,66.02,90,100,0.72,overcast clouds,2022-01-06 23:51:44
365,orland park,US,41.6303,-87.8539,13.75,82,100,8.01,overcast clouds,2022-01-06 23:46:46
366,marsa matruh,EG,31.3525,27.2453,46.6,93,0,0.0,clear sky,2022-01-06 23:52:44
367,verkhoyansk,RU,67.5447,133.385,-40.27,96,99,2.24,overcast clouds,2022-01-06 23:52:44
368,bambous virieux,MU,-20.3428,57.7575,75.45,100,75,2.3,broken clouds,2022-01-06 23:50:06
369,gao,ML,16.6362,1.637,65.3,21,67,8.59,broken clouds,2022-01-06 23:52:45
370,nanortalik,GL,60.1432,-45.2371,18.03,78,54,10.25,broken clouds,2022-01-06 23:50:06
371,anito,PH,12.4497,125.2886,77.85,88,95,9.84,overcast clouds,2022-01-06 23:52:45
372,alibag,IN,18.6411,72.8792,73.47,80,0,3.04,clear sky,2022-01-06 23:52:45
373,amlame,TG,7.4667,0.9,75.87,46,10,1.5,clear sky,2022-01-06 23:52:46
374,okato,NZ,-39.2,173.8833,68.41,48,0,6.8,clear sky,2022-01-06 23:52:46
375,awbari,LY,26.5921,12.7805,51.76,30,0,3.18,clear sky,2022-01-06 23:52:46
376,znamensk,RU,48.5842,45.7338,38.32,92,100,9.84,overcast clouds,2022-01-06 23:52:47
377,salisbury,GB,51.0693,-1.7957,44.51,87,93,16.4,overcast clouds,2022-01-06 23:52:47
378,lucea,JM,18.451,-78.1736,80.46,72,3,10.6,clear sky,2022-01-06 23:52:47
379,arawa,PG,-6.2132,155.5367,82.35,83,94,0.69,moderate rain,2022-01-06 23:52:47
380,lubao,PH,14.9167,120.55,75.15,73,82,6.17,broken clouds,2022-01-06 23:52:48
381,asfi,MA,32.2994,-9.2372,54.77,76,40,17.11,scattered clouds,2022-01-06 23:52:48
382,nouadhibou,MR,20.931,-17.0347,62.58,82,90,18.41,overcast clouds,2022-01-06 23:51:16
383,sakakah,SA,29.9697,40.2064,47.77,61,60,6.51,broken clouds,2022-01-06 23:52:48
384,tautira,PF,-17.7333,-149.15,86.02,71,11,14.83,light rain,2022-01-06 23:52:48
385,san andres,CO,12.5847,-81.7006,82.42,65,20,9.22,few clouds,2022-01-06 23:52:49
386,turukhansk,RU,65.8167,87.9833,-28.23,96,100,8.14,overcast clouds,2022-01-06 23:50:08
387,ferkessedougou,CI,9.6,-5.2,74.75,21,82,4.27,broken clouds,2022-01-06 23:52:49
388,koungou,YT,-12.7336,45.2042,80.31,83,0,3.44,clear sky,2022-01-06 23:52:49
389,kodiak,US,57.79,-152.4072,33.31,80,90,5.75,overcast clouds,2022-01-06 23:48:47
390,isangel,VU,-19.55,169.2667,87.91,70,40,6.91,scattered clouds,2022-01-06 23:52:47
391,mayo,US,38.8876,-76.5119,39.94,61,96,8.01,overcast clouds,2022-01-06 23:52:50
392,tessalit,ML,20.1986,1.0114,61.72,23,67,6.58,broken clouds,2022-01-06 23:52:50
393,bonnyville,CA,54.2668,-110.735,-29.0,99,17,4.5,few clouds,2022-01-06 23:52:50
394,sijunjung,ID,-0.6876,100.9537,71.92,98,99,1.32,overcast clouds,2022-01-06 23:52:51
395,kenai,US,60.5544,-151.2583,1.09,82,0,3.44,clear sky,2022-01-06 23:52:51
396,kahului,US,20.8947,-156.47,80.62,73,20,12.66,few clouds,2022-01-06 23:46:03
397,burns lake,CA,54.2331,-125.7533,-1.07,97,100,0.98,light snow,2022-01-06 23:51:19
398,bengkulu,ID,-3.8004,102.2655,75.9,82,71,3.22,broken clouds,2022-01-06 23:52:51
399,itaqui,BR,-29.1253,-56.5531,78.12,29,0,10.22,clear sky,2022-01-06 23:48:45
400,cap malheureux,MU,-19.9842,57.6142,75.69,90,100,1.99,overcast clouds,2022-01-06 23:52:51
401,bambanglipuro,ID,-7.95,110.2833,80.29,78,71,5.32,broken clouds,2022-01-06 23:52:52
402,avera,US,33.194,-82.5271,62.74,65,16,14.97,few clouds,2022-01-06 23:52:52
403,tiarei,PF,-17.5333,-149.3333,86.02,70,11,13.69,few clouds,2022-01-06 23:52:52
404,mezen,RU,65.8522,44.24,7.0,95,100,6.53,overcast clouds,2022-01-06 23:52:52
405,sinnamary,GF,5.3833,-52.95,76.5,89,93,13.02,overcast clouds,2022-01-06 23:52:53
406,pingliang,CN,35.5392,106.6861,27.21,91,84,2.82,broken clouds,2022-01-06 23:52:53
407,bonthe,SL,7.5264,-12.505,79.75,82,7,6.11,clear sky,2022-01-06 23:52:53
408,nisia floresta,BR,-6.0911,-35.2086,82.78,85,14,5.91,few clouds,2022-01-06 23:52:54
409,port moresby,PG,-9.4431,147.1797,83.62,70,100,5.75,overcast clouds,2022-01-06 23:52:54
410,ponta delgada,PT,37.7333,-25.6667,58.5,67,40,8.05,scattered clouds,2022-01-06 23:52:54
411,manggar,ID,-2.8833,108.2667,78.6,86,99,6.04,overcast clouds,2022-01-06 23:52:54
412,minden,DE,52.2833,8.9167,36.79,84,75,11.5,broken clouds,2022-01-06 23:48:59
413,troitskoye,RU,52.9821,84.6757,6.21,90,73,6.33,broken clouds,2022-01-06 23:53:55
414,schweinfurt,DE,50.05,10.2333,30.74,95,10,5.26,clear sky,2022-01-06 23:53:55
415,ladario,BR,-19.0047,-57.6017,77.43,73,49,0.94,scattered clouds,2022-01-06 23:53:55
416,yuanping,CN,38.7153,112.7575,23.59,58,2,1.41,clear sky,2022-01-06 23:53:56
417,cauquenes,CL,-35.9671,-72.3225,70.07,45,0,6.67,clear sky,2022-01-06 23:53:56
418,batagay,RU,67.6333,134.6333,-38.78,97,99,1.68,overcast clouds,2022-01-06 23:53:56
419,alekseyevsk,RU,57.8406,108.3492,5.38,99,100,2.71,overcast clouds,2022-01-06 23:53:56
420,kariba,ZW,-16.5167,28.8,69.98,89,100,3.49,overcast clouds,2022-01-06 23:53:57
421,san luis,AR,-33.295,-66.3356,78.98,30,18,10.6,few clouds,2022-01-06 23:53:57
422,lensk,RU,60.7253,114.9278,15.26,94,100,7.31,light snow,2022-01-06 23:53:57
423,acarau,BR,-2.8856,-40.12,79.68,78,14,12.73,few clouds,2022-01-06 23:53:58
424,jalu,LY,29.0331,21.5482,58.78,42,0,7.67,clear sky,2022-01-06 23:53:58
425,podor,MR,16.6527,-14.9587,73.35,31,0,2.3,clear sky,2022-01-06 23:53:58
426,laramie,US,41.3114,-105.5911,40.24,75,100,11.01,overcast clouds,2022-01-06 23:53:54
427,vilcun,CL,-38.65,-72.2333,65.14,68,0,4.88,clear sky,2022-01-06 23:53:58
428,urumqi,CN,43.801,87.6005,5.95,85,46,0.0,mist,2022-01-06 23:44:03
429,herat,AF,34.5,62.0,33.6,81,81,10.45,broken clouds,2022-01-06 23:53:59
430,santa fe,AR,-31.6333,-60.7,84.0,29,1,3.0,light rain,2022-01-06 23:51:00
431,nova olimpia,BR,-14.7972,-57.2881,74.32,94,29,2.48,scattered clouds,2022-01-06 23:53:59
432,ugoofaaru,MV,5.6667,73.0,80.82,77,100,8.19,overcast clouds,2022-01-06 23:53:59
433,ondjiva,AO,-17.0667,15.7333,72.84,30,92,9.69,overcast clouds,2022-01-06 23:54:00
434,itarema,BR,-2.9248,-39.9167,79.61,77,8,11.63,clear sky,2022-01-06 23:49:58
435,ippy,CF,6.2679,21.2247,76.23,26,52,3.71,broken clouds,2022-01-06 23:54:00
436,lasa,IT,46.6166,10.7002,25.68,57,18,2.3,few clouds,2022-01-06 23:52:20
437,brookline,US,42.3318,-71.1212,33.93,66,82,1.01,broken clouds,2022-01-06 23:53:02
438,along,IN,28.1667,94.7667,49.03,67,32,1.81,scattered clouds,2022-01-06 23:54:00
439,saint-augustin,CA,51.226,-58.6502,7.48,76,100,18.19,overcast clouds,2022-01-06 23:54:01
440,hami,CN,42.8,93.45,24.44,38,100,2.37,overcast clouds,2022-01-06 23:54:01
441,muroto,JP,33.2833,134.15,44.64,64,34,9.75,scattered clouds,2022-01-06 23:54:01
442,berlevag,NO,70.8578,29.0864,27.28,53,100,13.04,overcast clouds,2022-01-06 23:50:00
443,kismayo,SO,-0.3582,42.5454,78.51,81,37,14.7,scattered clouds,2022-01-06 23:54:01
444,korla,CN,41.7597,86.1469,22.71,56,26,1.07,scattered clouds,2022-01-06 23:54:02
445,dongfeng,CN,42.6403,125.5118,3.11,85,5,4.61,clear sky,2022-01-06 23:54:02
446,luganville,VU,-15.5333,167.1667,84.6,73,98,7.54,overcast clouds,2022-01-06 23:54:02
447,zlobin,HR,45.2924,14.6541,34.9,61,0,10.36,clear sky,2022-01-06 23:54:03
448,noumea,NC,-22.2763,166.4572,79.0,99,90,13.71,overcast clouds,2022-01-06 23:54:03
449,eureka,US,40.8021,-124.1637,59.2,95,96,5.99,overcast clouds,2022-01-06 23:49:58
450,porto ferreira,BR,-21.8539,-47.4792,70.25,95,99,6.53,overcast clouds,2022-01-06 23:54:03
451,luderitz,NA,-26.6481,15.1594,61.81,77,0,15.79,clear sky,2022-01-06 23:48:51
452,poronaysk,RU,49.2167,143.1167,-5.57,94,65,3.76,broken clouds,2022-01-06 23:54:04
453,magoula,GR,38.0833,23.5167,60.42,88,75,3.44,broken clouds,2022-01-06 23:54:04
454,mujiayingzi,CN,42.1167,118.7833,18.82,46,0,6.71,clear sky,2022-01-06 23:54:04
455,aksu,CN,41.1231,80.2644,22.86,41,20,2.48,few clouds,2022-01-06 23:54:04
456,gilgit,PK,35.9221,74.3087,37.65,72,100,0.16,overcast clouds,2022-01-06 23:54:05
457,maningrida,AU,-12.0667,134.2667,83.59,66,99,7.25,overcast clouds,2022-01-06 23:54:05
458,jerome,US,42.7241,-114.5186,37.04,77,100,1.99,overcast clouds,2022-01-06 23:55:05
459,cascais,PT,38.6979,-9.4215,55.51,72,11,3.0,few clouds,2022-01-06 23:55:06
460,ola,RU,59.5833,151.2833,3.4,79,4,9.55,clear sky,2022-01-06 23:55:06
461,labuhan,ID,-6.8844,112.2051,79.09,84,92,8.28,overcast clouds,2022-01-06 23:52:22
462,vanimo,PG,-2.6741,141.3028,79.56,86,100,4.52,light rain,2022-01-06 23:55:06
463,okha,RU,53.5739,142.9478,-4.61,89,100,18.81,overcast clouds,2022-01-06 23:55:06
464,siraha,NP,26.6541,86.2087,60.22,74,92,4.9,overcast clouds,2022-01-06 23:55:07
465,wajima,JP,37.4,136.9,32.68,80,75,5.75,broken clouds,2022-01-06 23:55:07
466,phillipsburg,US,40.6937,-75.1902,33.67,58,99,3.36,overcast clouds,2022-01-06 23:55:08
467,eyl,SO,7.9803,49.8164,77.45,68,94,17.87,overcast clouds,2022-01-06 23:55:08
468,namibe,AO,-15.1961,12.1522,67.66,83,99,3.85,overcast clouds,2022-01-06 23:54:48
469,corinto,GR,37.9407,22.9573,61.45,87,100,3.27,overcast clouds,2022-01-06 23:55:09
470,progreso,MX,21.2833,-89.6667,75.87,83,9,11.99,clear sky,2022-01-06 23:55:09
471,fuzhou,CN,26.0614,119.3061,53.49,80,97,2.84,overcast clouds,2022-01-06 23:55:09
472,afogados da ingazeira,BR,-7.7508,-37.6392,77.9,68,100,4.61,overcast clouds,2022-01-06 23:55:09
473,straumen,NO,63.8709,11.2999,26.94,91,90,3.98,overcast clouds,2022-01-06 23:55:10
474,anloga,GH,5.7947,0.8973,82.62,79,4,8.95,clear sky,2022-01-06 23:55:10
475,los llanos de aridane,ES,28.6585,-17.9182,60.12,79,40,4.0,scattered clouds,2022-01-06 23:55:10
476,mount gambier,AU,-37.8333,140.7667,64.31,94,100,11.5,overcast clouds,2022-01-06 23:55:10
477,ponnani,IN,10.767,75.9252,76.32,82,78,6.31,broken clouds,2022-01-06 23:55:11
478,margate,GB,51.3813,1.3862,46.31,91,100,4.0,overcast clouds,2022-01-06 23:54:42
479,tarko-sale,RU,64.9225,77.785,-23.64,87,55,10.29,broken clouds,2022-01-06 23:54:39
480,navolato,MX,24.7672,-107.6944,80.64,63,2,8.68,clear sky,2022-01-06 23:55:11
481,hambantota,LK,6.1241,81.1185,76.1,86,88,11.7,overcast clouds,2022-01-06 23:55:11
482,pulandian,CN,39.3953,121.9669,19.53,73,0,2.89,clear sky,2022-01-06 23:55:11
483,porto velho,BR,-8.7619,-63.9039,82.45,78,20,2.3,few clouds,2022-01-06 23:52:27
484,vao,NC,-22.6667,167.4833,77.85,72,99,19.53,overcast clouds,2022-01-06 23:55:12
485,svetlaya,RU,46.5389,138.3297,7.74,69,36,8.01,scattered clouds,2022-01-06 23:55:12
486,arua,UG,3.0201,30.9111,72.95,40,83,2.84,broken clouds,2022-01-06 23:55:12
487,tateyama,JP,34.9833,139.8667,43.07,55,2,20.89,clear sky,2022-01-06 23:55:13
488,holme,DK,56.1138,10.1725,36.64,91,71,13.09,broken clouds,2022-01-06 23:55:13
489,vega de alatorre,MX,20.0333,-96.6333,74.07,81,56,2.15,broken clouds,2022-01-06 23:55:13
490,agirish,RU,61.9247,63.0231,1.69,95,100,10.45,light snow,2022-01-06 23:55:14
491,san patricio,US,28.017,-97.5169,77.41,38,0,20.62,clear sky,2022-01-06 23:50:02
492,sao filipe,CV,14.8961,-24.4956,74.34,69,90,13.94,overcast clouds,2022-01-06 23:48:49
493,hervey bay,AU,-25.2986,152.8535,81.01,86,28,3.0,scattered clouds,2022-01-06 23:55:14
494,pringsewu,ID,-5.3582,104.9744,75.51,93,100,1.99,overcast clouds,2022-01-06 23:55:14
495,ballina,AU,-28.8667,153.5667,80.78,83,75,21.85,broken clouds,2022-01-06 23:55:14
496,viedma,AR,-40.8135,-62.9967,84.79,19,5,5.19,clear sky,2022-01-06 23:55:15
497,matara,LK,5.9485,80.5353,73.87,90,66,8.66,broken clouds,2022-01-06 23:55:15
498,yar-sale,RU,66.8333,70.8333,-8.93,90,100,14.72,overcast clouds,2022-01-06 23:55:15
499,kandrian,PG,-6.2167,149.55,75.88,93,100,4.92,moderate rain,2022-01-06 23:55:16
500,atar,MR,20.5169,-13.0499,62.01,37,70,8.81,broken clouds,2022-01-06 23:55:16
501,tobol,KZ,52.6844,62.5794,23.13,93,100,17.78,light snow,2022-01-06 23:55:16
502,mahibadhoo,MV,3.7833,72.9667,81.36,77,82,11.72,broken clouds,2022-01-06 23:55:16
503,shingu,JP,33.7333,135.9833,43.92,69,8,7.31,clear sky,2022-01-06 23:55:17
504,kant,IN,27.8,79.8,58.15,82,86,5.59,overcast clouds,2022-01-06 23:56:17
505,tonota,BW,-21.4833,27.4833,72.86,68,99,11.32,overcast clouds,2022-01-06 23:56:17
506,krasnoselkup,RU,65.7,82.4667,-29.88,93,20,9.06,few clouds,2022-01-06 23:56:17
507,tayu,ID,-6.5397,111.0518,78.8,83,93,6.76,overcast clouds,2022-01-06 23:56:18
508,carauari,BR,-4.8828,-66.8958,74.25,97,100,2.15,overcast clouds,2022-01-06 23:56:18
509,smithers,CA,54.7804,-127.1743,3.36,94,100,2.66,overcast clouds,2022-01-06 23:51:19
510,port hedland,AU,-20.3167,118.5667,87.85,70,40,11.5,scattered clouds,2022-01-06 23:56:18
511,gamba,GA,-2.65,10.0,76.5,91,62,5.12,broken clouds,2022-01-06 23:56:19
512,chapais,CA,49.7834,-74.8492,-14.19,97,20,3.94,few clouds,2022-01-06 23:53:37
513,jensen beach,US,27.2545,-80.2298,71.02,70,40,0.0,scattered clouds,2022-01-06 23:56:19
514,walvis bay,NA,-22.9575,14.5053,62.1,88,1,6.91,clear sky,2022-01-06 23:56:19
515,vestmanna,FO,62.1564,-7.1664,38.32,75,75,6.91,broken clouds,2022-01-06 23:56:20
516,manaure,CO,11.7751,-72.4445,79.11,60,29,19.42,scattered clouds,2022-01-06 23:56:20
517,husavik,IS,66.0449,-17.3389,33.71,81,36,12.64,scattered clouds,2022-01-06 23:55:56
518,revda,RU,56.801,59.9303,9.41,95,100,4.79,light snow,2022-01-06 23:56:20
519,whitehorse,CA,60.7161,-135.0538,-15.16,95,100,4.41,overcast clouds,2022-01-06 23:51:55
520,bodden town,KY,19.2833,-81.25,80.6,77,20,1.01,few clouds,2022-01-06 23:56:20
521,bantou,CN,26.2151,117.4893,52.97,86,97,2.84,overcast clouds,2022-01-06 23:56:21
522,doka,SD,13.5167,35.7667,72.39,34,80,9.51,broken clouds,2022-01-06 23:56:21
523,madang,PG,-5.2246,145.7966,75.76,93,100,2.57,overcast clouds,2022-01-06 23:56:21
524,santiago de cao,PE,-7.9589,-79.2392,68.13,94,75,9.22,broken clouds,2022-01-06 23:56:22
525,storforshei,NO,66.4043,14.5233,6.89,92,28,4.41,scattered clouds,2022-01-06 23:56:22
526,nishihara,JP,26.1842,127.7558,63.68,61,75,11.5,broken clouds,2022-01-06 23:56:22
527,makakilo city,US,21.3469,-158.0858,78.69,67,7,3.78,light rain,2022-01-06 23:56:22
528,galle,LK,6.0367,80.217,75.38,89,81,6.87,broken clouds,2022-01-06 23:56:23
529,taybad,IR,34.74,60.7756,33.69,82,6,6.64,clear sky,2022-01-06 23:56:23
530,ovalle,CL,-30.5983,-71.2003,72.7,53,0,4.36,clear sky,2022-01-06 23:56:13
531,puro,PH,12.4841,123.3827,77.86,79,34,9.57,scattered clouds,2022-01-06 23:56:23
532,vallenar,CL,-28.5708,-70.7581,75.07,49,0,4.81,clear sky,2022-01-06 23:56:23
533,raudeberg,NO,61.9875,5.1352,36.27,73,100,8.99,overcast clouds,2022-01-06 23:51:17
534,lazaro cardenas,MX,17.9583,-102.2,78.12,70,86,7.23,overcast clouds,2022-01-06 23:56:24
535,bairiki,KI,1.3292,172.9752,87.8,74,75,9.22,broken clouds,2022-01-06 23:56:24
536,barabai,ID,-2.5833,115.3833,75.6,95,100,0.96,moderate rain,2022-01-06 23:47:37
537,milkovo,RU,54.7167,158.6167,16.56,94,100,1.21,overcast clouds,2022-01-06 23:56:24
538,aksarka,RU,66.5606,67.7975,-14.17,96,100,8.37,overcast clouds,2022-01-06 23:56:25
539,sault sainte marie,CA,46.5168,-84.3333,7.9,83,100,5.91,overcast clouds,2022-01-06 23:55:16
540,birjand,IR,32.8663,59.2211,34.27,75,40,6.91,scattered clouds,2022-01-06 23:51:17
541,bonavista,CA,48.6499,-53.1147,45.12,76,100,31.85,overcast clouds,2022-01-06 23:56:25
542,mitu,CO,1.1983,-70.1733,78.93,64,99,3.13,overcast clouds,2022-01-06 23:56:25
543,havoysund,NO,70.9963,24.6622,23.88,69,99,9.13,overcast clouds,2022-01-06 23:47:38
544,high rock,BS,26.6208,-78.2833,71.62,67,26,6.87,scattered clouds,2022-01-06 23:56:25
545,kendari,ID,-3.945,122.4989,76.78,93,100,1.01,light rain,2022-01-06 23:56:26
546,manta,EC,-0.95,-80.7333,76.78,83,75,8.05,broken clouds,2022-01-06 23:56:26
547,zabol,AF,32.25,67.25,35.24,80,100,14.2,light snow,2022-01-06 23:56:26
548,wanning,CN,18.8003,110.3967,69.69,82,81,8.05,broken clouds,2022-01-06 23:56:27
549,conil,FR,44.9673,3.7177,20.66,91,98,1.57,overcast clouds,2022-01-06 23:56:27
550,entre rios,BR,-11.9419,-38.0844,73.35,87,86,4.97,overcast clouds,2022-01-06 23:56:27
551,taoudenni,ML,22.6783,-3.9836,64.76,19,15,2.59,few clouds,2022-01-06 23:53:29
552,conde,BR,-7.2597,-34.9075,80.06,83,20,5.75,few clouds,2022-01-06 23:57:27
553,mbandaka,CD,0.0487,18.2603,72.39,75,58,3.36,broken clouds,2022-01-06 23:57:28
554,miri,MY,4.4148,114.0089,75.34,100,20,1.14,few clouds,2022-01-06 23:57:28
555,bellary,IN,15.15,76.9333,64.4,92,42,6.24,scattered clouds,2022-01-06 23:57:28
556,nador,MA,35.174,-2.9287,53.85,76,0,3.44,clear sky,2022-01-06 23:57:28
557,ati,TD,13.2154,18.3353,74.3,22,66,7.16,broken clouds,2022-01-06 23:57:29
558,luwuk,ID,-0.9516,122.7875,81.16,81,98,0.87,overcast clouds,2022-01-06 23:57:29
559,seydi,TM,39.4816,62.9137,34.83,71,0,4.43,clear sky,2022-01-06 23:57:29
560,tamandare,BR,-8.7597,-35.1047,79.03,81,12,9.17,few clouds,2022-01-06 23:57:29
561,caucaia,BR,-3.7361,-38.6531,81.07,79,40,6.91,scattered clouds,2022-01-06 23:57:29
562,inuvik,CA,68.3499,-133.7218,-8.12,93,100,22.53,overcast clouds,2022-01-06 23:57:30
563,vila do maio,CV,15.1333,-23.2167,74.19,65,99,18.86,overcast clouds,2022-01-06 23:57:30
564,dunyapur,PK,29.7995,71.7196,53.62,82,100,6.98,light rain,2022-01-06 23:57:30
565,meadow lake,US,34.8014,-106.5436,54.37,34,78,1.92,broken clouds,2022-01-06 23:57:30
566,samfya,ZM,-11.3649,29.5565,66.6,91,95,0.09,moderate rain,2022-01-06 23:57:31
567,luoyang,CN,34.6836,112.4536,37.04,87,100,2.26,light rain,2022-01-06 23:57:31
568,manzhouli,CN,49.6,117.4333,-6.56,98,62,2.82,broken clouds,2022-01-06 23:57:31
569,sao felix do xingu,BR,-6.6447,-51.995,71.26,97,94,1.61,overcast clouds,2022-01-06 23:57:32
570,olinda,BR,-8.0089,-34.8553,82.13,74,40,6.91,scattered clouds,2022-01-06 23:57:32
571,caxito,AO,-8.5785,13.6643,75.96,91,100,1.9,overcast clouds,2022-01-06 23:57:32
572,jonesboro,US,35.8423,-90.7043,25.79,68,100,3.0,overcast clouds,2022-01-06 23:57:32
573,bongandanga,CD,1.5,21.05,72.77,60,100,2.3,overcast clouds,2022-01-06 23:57:33
574,sur,OM,22.5667,59.5289,69.33,50,16,22.7,few clouds,2022-01-06 23:57:33
575,issenye,TZ,-2.0,34.3333,62.82,85,36,3.56,scattered clouds,2022-01-06 23:57:33
576,gimli,CA,50.6336,-96.9907,-17.43,99,96,5.41,overcast clouds,2022-01-06 23:57:33
577,rocha,UY,-34.4833,-54.3333,60.46,78,0,5.44,clear sky,2022-01-06 23:57:34
578,rajauri,IN,33.3833,74.3,47.16,82,100,4.38,overcast clouds,2022-01-06 23:57:34
579,rongcheng,CN,30.634,117.8517,39.4,87,79,3.83,broken clouds,2022-01-06 23:57:34
580,am timan,TD,11.0297,20.2827,74.88,25,69,7.45,broken clouds,2022-01-06 23:57:35
581,sivaki,RU,52.6333,126.75,-2.52,99,100,1.5,overcast clouds,2022-01-06 23:57:35
582,nelson bay,AU,-32.7167,152.15,80.96,85,94,3.0,overcast clouds,2022-01-06 23:57:35
583,banda aceh,ID,5.5577,95.3222,77.67,84,97,10.49,overcast clouds,2022-01-06 23:55:03
584,kedrovyy,RU,56.1667,91.8167,-3.14,100,98,2.73,overcast clouds,2022-01-06 23:57:35
585,doha,QA,25.2867,51.5333,58.98,63,0,12.66,clear sky,2022-01-06 23:57:36
586,belmonte,BR,-15.8631,-38.8828,79.3,82,100,10.89,overcast clouds,2022-01-06 23:57:36
587,qaqortoq,GL,60.7167,-46.0333,6.53,80,4,1.57,clear sky,2022-01-06 23:57:36
588,teya,RU,60.3778,92.6267,-20.02,100,69,2.55,broken clouds,2022-01-06 23:57:36
589,lopatino,RU,52.6195,45.8118,33.1,85,100,13.38,overcast clouds,2022-01-06 23:57:37
590,ziro,IN,27.6333,93.8333,34.14,81,2,2.98,clear sky,2022-01-06 23:57:37
591,palana,RU,59.1167,159.9667,9.77,79,3,9.01,clear sky,2022-01-06 23:57:37
592,arboletes,CO,8.8505,-76.4269,82.38,82,47,7.58,scattered clouds,2022-01-06 23:57:37
593,sisimiut,GL,66.9395,-53.6735,18.27,81,100,5.84,overcast clouds,2022-01-06 23:51:11
594,troitsko-pechorsk,RU,62.7084,56.1964,12.65,94,100,9.08,light snow,2022-01-06 23:51:12
595,fairbanks,US,64.8378,-147.7164,-5.84,74,100,0.0,overcast clouds,2022-01-06 23:50:18
596,thinadhoo,MV,0.5333,72.9333,81.09,76,85,9.64,overcast clouds,2022-01-06 23:57:38
597,zyryanovsk,KZ,49.7386,84.2719,18.93,98,100,1.23,overcast clouds,2022-01-06 23:58:38
598,southbridge,US,42.0751,-72.0334,31.03,69,78,3.4,broken clouds,2022-01-06 23:56:59
599,port macquarie,AU,-31.4333,152.9167,77.9,88,75,16.11,broken clouds,2022-01-06 23:57:07
600,naze,JP,28.3667,129.4833,56.32,61,61,7.34,broken clouds,2022-01-06 23:54:40
601,kot addu,PK,30.4692,70.9671,53.46,73,100,9.66,overcast clouds,2022-01-06 23:58:38
602,aguilar de la frontera,ES,37.5143,-4.6554,41.76,85,11,1.77,few clouds,2022-01-06 23:58:39
603,monte patria,CL,-30.6919,-70.9467,73.99,49,0,5.21,clear sky,2022-01-06 23:58:39
604,kidal,ML,18.4411,1.4078,64.38,21,46,7.29,scattered clouds,2022-01-06 23:48:51
605,nouakchott,MR,18.0858,-15.9785,66.13,33,97,12.95,overcast clouds,2022-01-06 23:58:39
606,jalalpur pirwala,PK,29.5069,71.2192,54.52,78,100,7.72,moderate rain,2022-01-06 23:58:39
607,brookhaven,US,31.5791,-90.4407,45.55,83,91,11.1,overcast clouds,2022-01-06 23:58:39
608,maceio,BR,-9.6658,-35.7353,81.84,78,40,6.91,scattered clouds,2022-01-06 23:58:40
609,savelugu,GH,9.6244,-0.8253,79.61,21,19,6.69,few clouds,2022-01-06 23:58:40
610,hargeysa,SO,9.56,44.065,59.88,94,55,7.18,broken clouds,2022-01-06 23:58:40
611,nizhneangarsk,RU,55.7833,109.55,10.24,91,97,2.1,overcast clouds,2022-01-06 23:58:40
612,bolshevik,BY,54.0065,27.5692,24.42,64,71,15.12,broken clouds,2022-01-06 23:58:41
613,kyra,RU,49.5776,111.9753,12.56,65,100,4.12,overcast clouds,2022-01-06 23:58:41
614,kabanjahe,ID,3.1001,98.4908,61.56,89,100,0.87,overcast clouds,2022-01-06 23:58:41
615,westport,US,41.1415,-73.3579,35.78,65,94,1.99,overcast clouds,2022-01-06 23:56:11
616,felanitx,ES,39.4696,3.1483,43.95,69,5,2.66,clear sky,2022-01-06 23:58:41
617,wah,PK,33.798,72.6957,49.01,93,100,3.15,moderate rain,2022-01-06 23:58:42
618,rawson,AR,-43.3002,-65.1023,68.56,59,44,10.96,scattered clouds,2022-01-06 23:58:42
619,tuntum,BR,-5.2581,-44.6489,73.87,95,98,0.18,overcast clouds,2022-01-06 23:58:42
620,jacqueville,CI,5.2052,-4.4146,82.31,84,34,9.95,scattered clouds,2022-01-06 23:58:43
621,fernie,CA,49.5,-115.0687,13.78,97,100,3.4,overcast clouds,2022-01-06 23:55:27
622,santa maria,BR,-29.6842,-53.8069,72.7,64,0,14.97,clear sky,2022-01-06 23:58:43
623,starobaltachevo,RU,56.0013,55.9213,26.22,95,100,15.23,light snow,2022-01-06 23:58:43
624,kieta,PG,-6.2167,155.6333,81.48,82,90,2.53,moderate rain,2022-01-06 23:58:43
625,qunduz,AF,36.729,68.857,41.65,83,100,3.6,overcast clouds,2022-01-06 23:58:44
626,chicama,PE,-7.8447,-79.1469,66.74,73,3,7.25,clear sky,2022-01-06 23:58:44
627,sechura,PE,-5.5569,-80.8222,74.35,65,38,15.35,scattered clouds,2022-01-06 23:58:44
628,alyangula,AU,-13.8483,136.4192,87.67,66,100,5.75,overcast clouds,2022-01-06 23:58:44
629,morehead,US,37.2711,-87.1764,19.15,82,100,9.22,overcast clouds,2022-01-06 23:58:45
630,hamilton,US,39.1834,-84.5333,20.98,77,100,4.0,overcast clouds,2022-01-06 23:56:25
631,martapura,ID,-3.4167,114.85,77.09,94,40,4.61,scattered clouds,2022-01-06 23:58:45
632,half moon bay,US,37.4636,-122.4286,63.21,93,100,1.01,mist,2022-01-06 23:53:30
633,palmer,US,42.1584,-72.3287,31.21,75,87,2.98,overcast clouds,2022-01-06 23:57:48
634,jiaocheng,CN,24.6774,116.1389,53.62,79,100,3.87,overcast clouds,2022-01-06 23:58:45
635,mindif,CM,10.3976,14.4363,73.9,27,56,8.95,broken clouds,2022-01-06 23:58:45
636,mukhen,RU,48.1,136.1,-5.53,96,100,3.47,overcast clouds,2022-01-06 23:57:01
637,abashiri,JP,44.0213,144.2697,12.49,85,75,4.61,broken clouds,2022-01-06 23:53:59
638,novokizhinginsk,RU,51.6115,109.5917,1.89,95,100,3.71,overcast clouds,2022-01-06 23:58:46
639,gualeguaychu,AR,-33.0094,-58.5172,77.86,45,0,6.11,clear sky,2022-01-06 23:58:46
640,vanavara,RU,60.34,102.2797,-11.7,100,96,3.2,overcast clouds,2022-01-06 23:58:46
641,mizdah,LY,31.4451,12.9801,47.21,43,79,6.76,broken clouds,2022-01-06 23:58:47
642,evanston,US,42.0411,-87.6901,13.26,75,75,3.0,broken clouds,2022-01-06 23:56:19
643,saquarema,BR,-22.92,-42.5103,77.02,90,100,13.04,light rain,2022-01-06 23:55:47
644,sokoni,TZ,-6.4333,39.55,82.0,81,100,11.72,overcast clouds,2022-01-06 23:59:47
645,colesberg,ZA,-30.72,25.0972,64.0,75,84,16.22,broken clouds,2022-01-06 23:59:47
646,gurun,MY,5.8172,100.4738,78.73,89,49,3.27,scattered clouds,2022-01-06 23:59:47
647,hualmay,PE,-11.0964,-77.6139,70.65,85,69,9.8,broken clouds,2022-01-06 23:51:15
648,itupiranga,BR,-5.1347,-49.3267,73.65,97,100,0.72,overcast clouds,2022-01-06 23:59:48
649,adre,TD,13.4667,22.2,66.36,27,69,8.14,broken clouds,2022-01-06 23:59:48
650,swan hill,AU,-35.3378,143.5544,79.45,48,37,8.86,scattered clouds,2022-01-06 23:59:39
651,college,US,64.8569,-147.8028,-7.28,77,90,0.0,overcast clouds,2022-01-06 23:54:39
652,parabel,RU,58.6978,81.4825,-17.46,99,45,6.49,scattered clouds,2022-01-06 23:59:48
653,blora,ID,-6.9698,111.4186,77.0,84,77,4.72,broken clouds,2022-01-06 23:59:49
654,jacareacanga,BR,-6.2222,-57.7528,75.2,96,99,1.28,overcast clouds,2022-01-06 23:59:49
655,leh,IN,34.1667,77.5833,0.12,78,17,3.56,few clouds,2022-01-06 23:57:00
656,agadir,MA,30.4202,-9.5982,54.05,54,0,3.71,clear sky,2022-01-06 23:59:49
657,celina,US,40.5489,-84.5702,18.45,80,100,11.88,overcast clouds,2022-01-06 23:59:23
658,mocuba,MZ,-16.8392,36.9856,73.35,97,100,0.65,overcast clouds,2022-01-06 23:59:50
659,los alamos,US,35.8881,-106.307,44.38,60,0,0.0,clear sky,2022-01-06 23:59:50
660,jiazi,CN,22.8779,116.067,60.6,76,79,16.49,broken clouds,2022-01-06 23:59:50
661,la sarre,CA,48.8002,-79.1996,-8.34,95,70,7.27,broken clouds,2022-01-06 23:55:01
662,winchester,GB,51.0651,-1.3187,44.91,88,88,5.01,overcast clouds,2022-01-06 23:59:50
663,kanniyakumari,IN,8.0833,77.5667,77.22,79,28,14.5,scattered clouds,2022-01-06 23:59:51
664,verkhoturye,RU,58.8627,60.8054,9.81,94,100,7.43,snow,2022-01-06 23:59:51
665,bardiyah,LY,31.7561,25.0865,55.35,67,22,9.75,few clouds,2022-01-06 23:59:51
666,faya,SA,18.3851,42.4509,51.91,91,40,5.82,scattered clouds,2022-01-06 23:59:51
667,callaguip,PH,18.0714,120.4867,69.82,94,75,5.75,broken clouds,2022-01-06 23:59:52
668,birin,NP,26.8865,88.0718,45.66,74,26,4.03,scattered clouds,2022-01-06 23:59:52
669,mecca,SA,21.4267,39.8261,71.91,72,73,0.47,broken clouds,2022-01-06 23:59:53
670,bandarbeyla,SO,9.4942,50.8122,76.75,80,29,15.59,light rain,2022-01-06 23:52:20
671,imbituba,BR,-28.24,-48.6703,69.82,76,52,9.17,broken clouds,2022-01-06 23:59:53
672,gainesville,US,29.6516,-82.3248,61.95,71,50,4.97,scattered clouds,2022-01-06 23:59:46
673,kupino,RU,54.3663,77.2981,11.55,89,99,8.21,overcast clouds,2022-01-06 23:59:53
674,kununurra,AU,-15.7667,128.7333,84.18,74,98,10.36,overcast clouds,2022-01-06 23:49:10
675,tshikapa,CD,-6.4167,20.8,69.6,92,100,1.86,overcast clouds,2022-01-06 23:59:54
676,dakar,SN,14.6937,-17.4441,71.73,83,0,13.8,clear sky,2022-01-06 23:59:54
677,governador valadares,BR,-18.8511,-41.9494,74.35,91,100,2.17,moderate rain,2022-01-06 23:59:54
678,saint anthony,US,45.0205,-93.218,-3.8,73,100,3.0,overcast clouds,2022-01-06 23:59:54
679,broken hill,AU,-31.95,141.4333,69.51,56,75,19.57,broken clouds,2022-01-06 23:59:55
680,juneau,US,58.3019,-134.4197,5.99,88,4,8.61,clear sky,2022-01-06 23:58:32
681,cabedelo,BR,-6.9811,-34.8339,81.27,75,12,11.14,few clouds,2022-01-06 23:59:55
682,azanka,RU,58.0401,64.7893,10.51,94,100,9.46,overcast clouds,2022-01-06 23:59:55
683,kazerun,IR,29.6195,51.6541,47.26,41,0,4.14,clear sky,2022-01-06 23:59:55
684,ussel,FR,45.55,2.3167,17.73,85,96,1.12,overcast clouds,2022-01-06 23:59:56
685,lavagna,IT,44.3079,9.3422,48.09,50,3,5.01,clear sky,2022-01-06 23:59:56
686,kondinskoye,RU,59.6481,67.41,2.08,95,100,11.83,overcast clouds,2022-01-06 23:59:56
687,boyolangu,ID,-8.1181,111.8935,78.48,82,65,2.59,broken clouds,2022-01-06 23:59:56
688,ushtobe,KZ,45.2514,77.9838,32.63,89,100,2.98,overcast clouds,2022-01-06 23:53:31
689,dingle,PH,10.9995,122.6711,75.07,89,33,8.03,scattered clouds,2022-01-06 23:51:14
690,karakol,KG,42.4907,78.3936,21.45,62,82,6.98,broken clouds,2022-01-06 23:59:57
691,akureyri,IS,65.6835,-18.0878,26.89,76,20,10.6,light snow,2022-01-07 00:00:47
692,wawa,NG,9.9022,4.4192,79.9,33,7,5.14,clear sky,2022-01-07 00:00:57
693,maldonado,UY,-34.6667,-54.9167,67.39,75,0,7.67,clear sky,2022-01-06 23:55:51
694,ardalstangen,NO,61.2371,7.6983,19.44,86,94,6.33,overcast clouds,2022-01-07 00:00:57
